date_added,address,label
28-FEB-2022,terra163z6npkjtuk7xf6jhm5ztdrwa4tgve94gxpqt3,"1M Trader"
28-FEB-2022,terra13av2nsaswaltuzrjra48akw7vx3xp08qjl7v7g,"1M Trader"
28-FEB-2022,terra1wlfagw79h0tushlz7uhvg3kxg5qq6zeg6axazf,"1M Trader"
28-FEB-2022,terra1f89px059wausd4ndv703lyp0579e86fk6aq95f,"1M Trader"
28-FEB-2022,terra149m8679g3uynvpahq8pf4t99033gtg7yp93ce9,"1M Trader"
28-FEB-2022,terra1jntcw8gyffxjazseyqcsjylj8aymx9le27yaqr,"1M Trader"
28-FEB-2022,terra13umcknnzwsvjqer9c8w2wkh4wzwth0nsg7n06f,"1M Trader"
28-FEB-2022,terra14ps3ldhwzmpmap5cft49295h7v229lnrny3k8e,"1M Trader"
28-FEB-2022,terra1xs4m9l6nngxmddv872tr5pe9d8y0qww54naprz,"1M Trader"
28-FEB-2022,terra167k0fy7ag2vn2wzzsup2uzjphq6gvzuzjwsl0g,"1M Trader"
28-FEB-2022,terra1z34857c8xjc4mc5kt24s9ycr6qp45wrr0axahd,"1M Trader"
28-FEB-2022,terra18ygasx822p6qwun5kvk2d0x4pe0m7yqtrjz2mh,"1M Trader"
28-FEB-2022,terra163huvgrqmvr6szweur7lzfyhne49trdysqcs6y,"1M Trader"
28-FEB-2022,terra1hhv082f0h9ep8sqqydsj4vtms5s8rjcjeq6vwp,"1M Trader"
28-FEB-2022,terra1n3s52w97j599sq3k4wcr3j0027j0stnfttnjvg,"1M Trader"
28-FEB-2022,terra18wj885n63ree2ce938yywtpakgnrpyvp2dwphj,"1M Trader"
28-FEB-2022,terra10wkcrlf2zjvgthq4aau09snpy2gzh0keq5nxx2,"1M Trader"
28-FEB-2022,terra1kflgs5v5vnfauqkmtzefdfczwjppjr3s9p37pm,"1M Trader"
28-FEB-2022,terra1c5ys93p5mpf9qf9rk5kymqwpguntnn6l3w5shp,"1M Trader"
28-FEB-2022,terra1cjpfejqnm2p3h2hey7jre850zd6r2ehh7vxy5f,"1M Trader"
28-FEB-2022,terra12qxcccug52uzh5cfqctr0zpj9zvsux8re6a23j,"1M Trader"
28-FEB-2022,terra1kmpz9ud40uuhjpljdpr2n2q97zghhef8t4lvhh,"1M Trader"
28-FEB-2022,terra12hlkhu37fnfsxrmj56dv8lrryxaztx56lqj367,"1M Trader"
28-FEB-2022,terra1m4a2kwqtflan4p5njawrjuffl57rxvk4qc3f74,"1M Trader"
28-FEB-2022,terra1ls86exlsu3n5mpu6ql3fhc7zanklnun4t8kvyh,"1M Trader"
28-FEB-2022,terra12tvfvzqjlxrsfeehlfwk4fgt39hk3736pmjzch,"1M Trader"
28-FEB-2022,terra1vlel4dpqldcwm7ztre3k03apcldeawpq98rah0,"1M Trader"
28-FEB-2022,terra1y090ch0mger9ym63kdhr7e0anavlyuqvnsduxv,"1M Trader"
28-FEB-2022,terra1mvc86a0ej93wufkwfduaz55qsn8nc9hk9x25lw,"1M Trader"
28-FEB-2022,terra1uuqyr4u8c20w0j2art9rluscft4q5zkc7d7wmj,"1M Trader"
28-FEB-2022,terra1xum0703qrqc2587sjysf6marvrygcl6se5cjv7,"1M Trader"
28-FEB-2022,terra1a6h0wydqvmr28cupngt5l8p4kl8r3ljmjl7ug9,"1M Trader"
28-FEB-2022,terra1laq04lntc83h6le8cp06px30pwpahew34pezh8,"1M Trader"
28-FEB-2022,terra1ncpaqh8er9kwj3sjvvtnv7r04xk5ze5tz484r5,"1M Trader"
28-FEB-2022,terra1z4ythkdsfkdjrms4fd4fc4sl4dmygvdlt5vumj,"1M Trader"
28-FEB-2022,terra1js6rwd7zete2r7fzz78kc43ua5xvg9ddv85695,"1M Trader"
28-FEB-2022,terra1xtlkxkund5xxsj8uj94y6fmx2sf9unkc9l7lpg,"1M Trader"
28-FEB-2022,terra1x4cj6zzg8xwr9gndsm932sd8nr9cpfsk4dkewu,"1M Trader"
28-FEB-2022,terra1htnjr993c9y7079ng9ryjm59jynldmudw392aq,"1M Trader"
28-FEB-2022,terra1fgef888tuj3g8tmpxp4klvthq4eqk8a2yw7vsw,"1M Trader"
28-FEB-2022,terra13pq4zhg4wz7ev7fzcv43stjl4ywl2sc4ult5xj,"1M Trader"
28-FEB-2022,terra13eqfjgftqfhp4rsxfz7ap9cqzmvrd7q0v2axv6,"1M Trader"
28-FEB-2022,terra1nfp0scu4n70jfv9me8w5jq9p2cyx6rwk7vxux7,"1M Trader"
28-FEB-2022,terra1hulnvgjwne3afsmwd5cj7s4pq252dgws2cnv6n,"1M Trader"
28-FEB-2022,terra193se0kmwv3ma25x97k4gcdm7x2xhkdgxqfuev7,"1M Trader"
28-FEB-2022,terra1f7zz23d98pea6chpnt4t3w7paagy37gcdzsxw9,"1M Trader"
28-FEB-2022,terra18ydehvuacl9vhu0an0usp3tqshlxgahvkscxs3,"1M Trader"
28-FEB-2022,terra130zcz4grag93dggj3jmxzucngru9dmsjfpugzk,"1M Trader"
28-FEB-2022,terra1fmlqg5m38juf9nfe5amuwjlqv8h84xqhsajk3s,"1M Trader"
28-FEB-2022,terra1y2e2wcm0dyvclen6z457g59wtkmm4nea9v3fkm,"1M Trader"
28-FEB-2022,terra1ctkcgee982fqx8dk7wncfz7pkj39g4lpv2canj,"1M Trader"
28-FEB-2022,terra1nhfp2ahlhrr0lt4c0zk75lavlssuxcjhchtmmr,"1M Trader"
28-FEB-2022,terra1u58gaqxuhmwd36ckcca949x5q8dts2zdw6gkt8,"1M Trader"
28-FEB-2022,terra1jtmpyx3wdpswham92nzatwpwc6h4ulkv2xrdaa,"1M Trader"
28-FEB-2022,terra1rf58rw0cnzz3f74g94l5jy0mcv9nsekjk40lkh,"1M Trader"
28-FEB-2022,terra10xx46ahg4av6dy65vncwpn7vsc6v2c6nswjauy,"1M Trader"
28-FEB-2022,terra1r5vmpwxjhllvh8fpcxh6kzr9wg6pg72a0j2skm,"1M Trader"
28-FEB-2022,terra160ql286cevpungx9mzv5a087jysvdllv722kjm,"1M Trader"
28-FEB-2022,terra14dclynt54q07plfkdd5wx7v375qacpaa82swm6,"1M Trader"
28-FEB-2022,terra1whsx46d8eeeql7c5hsrzkuzptv6r8aq40gf9uj,"1M Trader"
28-FEB-2022,terra1kwztthcj56ync3vuuw9xa9r64w6l7t5klv4ky9,"1M Trader"
28-FEB-2022,terra1u8pvtrthffkvht3k2yscesp8d4yfaxzjvq2msm,"1M Trader"
28-FEB-2022,terra1ynq86wqt7h4jrrjwqh6gpwsglxgqd9qaqjytd2,"1M Trader"
28-FEB-2022,terra1p6vnqfs6l3hw62yc07tj5m8hrtrmmjjvmg0hat,"1M Trader"
28-FEB-2022,terra1x7gpgps9enjq2dc6ydh2ksswnjj339gsr99wwz,"1M Trader"
28-FEB-2022,terra1wgahf37tsmu5mpe7l2axlx7z6ykfqgg5u4euqm,"1M Trader"
28-FEB-2022,terra1m0lj62cyqst2g7w5ccemu6wsgvpcugv43g233v,"1M Trader"
28-FEB-2022,terra12v9ltjgct6qsaw28j5m26z7ruprhxywkmjfspk,"1M Trader"
28-FEB-2022,terra19z8s5p35pyzzdvex8dfqce44du3p9eryylnul2,"1M Trader"
28-FEB-2022,terra1agf8794ql04yw7fa9t59z6nu4j2383qhdanmev,"1M Trader"
28-FEB-2022,terra1ka8nsl3gn035z0t2kw8nddhhy6enccs53x6l5d,"1M Trader"
28-FEB-2022,terra1xjl059tj7xep2u37ceekrxe0j6pvkqkgwnk6mv,"1M Trader"
28-FEB-2022,terra15sap506fr6tezlsj0h8d28rmz34gpt0vn2qndj,"1M Trader"
28-FEB-2022,terra1cxspyydlp4qdu0pzetg9au549n29tnvs4t3kej,"1M Trader"
28-FEB-2022,terra1w2vu04tmkfq28u2360a2qhm5lykmkwzsg7h9k7,"1M Trader"
28-FEB-2022,terra17t6gmeg90zmcd66gz0qxsqdla2ck57lycrrztr,"1M Trader"
28-FEB-2022,terra1wx8yyd5crjag8npwk6jtxv9s772r8usalpj7k8,"1M Trader"
28-FEB-2022,terra10jg50dm80awyck03pdnjy6zwnzry75kzjvm6ds,"1M Trader"
28-FEB-2022,terra1gjc8y35sv6q2cnn335rwltey5lvuxl75lqhjua,"1M Trader"
28-FEB-2022,terra1q7sy4g8rmqhh2ulpkcqer20ntvahvv0ns5crxa,"1M Trader"
28-FEB-2022,terra1cftcerk6yr2aafmhyfjuaam6953c7qltwv6ae5,"1M Trader"
28-FEB-2022,terra1xxh6jcwvvzl7l930hqvwxapv2a5hn5ld3dcaz5,"1M Trader"
28-FEB-2022,terra1gy6mupv6hatp00j062tak2rzr4h2su34vmwhxw,"1M Trader"
28-FEB-2022,terra1y7tez56wdmd7c20lrkctw8zqzhfl0tk7cqwr2z,"1M Trader"
28-FEB-2022,terra1l3c5xaqtje9mndd8p4uaynq74m2llnd0s0cc7y,"1M Trader"
28-FEB-2022,terra1kmxkpf7yda76terve8z52c3qpueggafjsjpmz7,"1M Trader"
28-FEB-2022,terra1dnnj0hy4wqtnhulzj69ld2ua8jah0eques3pvg,"1M Trader"
28-FEB-2022,terra10anucmpy7j42crcjzj4xxtrvg0x9qcvamzgd7m,"1M Trader"
28-FEB-2022,terra10femjhjhrupgx5zdg7zm2e8xcu38ye9r99jjw9,"1M Trader"
28-FEB-2022,terra1t3245xdmq7q8qgujt7hq0c0nnndfshz95dc2j0,"1M Trader"
28-FEB-2022,terra1pn3cgrrgl8gpxlrpppr0xkqwpt0w3vakjslqhm,"1M Trader"
28-FEB-2022,terra1tuhyj2pzyr8alwuajyw3m5fl66mc5f5fyuahs0,"1M Trader"
28-FEB-2022,terra10g2k75p8uw3fl8etjjjltx74kdu0lee265v66m,"1M Trader"
28-FEB-2022,terra1hswxyl65rcu8v2f30j43u9ya8nelvwsljcsc7u,"1M Trader"
28-FEB-2022,terra1d6568v7mmr7df42p3u9cw6sgmmcjnef63duvd5,"1M Trader"
28-FEB-2022,terra1jr5nfs280vvffxsnkhlkqmf2fyrp7x0h5tr434,"1M Trader"
28-FEB-2022,terra1ca4wmazp273mhv6zzdxa5n0sudnqylqwqxm54m,"1M Trader"
28-FEB-2022,terra1dnmfhslla77yhvp6fsdrzusnqa43xn6qh2zagw,"1M Trader"
28-FEB-2022,terra1k7z26c2k8j60dlx95pv0yaaxw438ve0rzpj9qs,"1M Trader"
28-FEB-2022,terra1nl96s47cglr5uk2lvh57vher2zaxqf3z2amjf0,"1M Trader"
28-FEB-2022,terra1g09vwkdpr98vqenapu2p2dzu6mhfukj9e9xx3k,"1M Trader"
28-FEB-2022,terra154jfuysz3tjjsxhjptp2h4k83kpuqudw4qtcvg,"1M Trader"
28-FEB-2022,terra18dqeta65a9vfsqnz827ey85tuem82w4dph6p6u,"1M Trader"
28-FEB-2022,terra1psdr9kw4d5yf8e3rwmpxpqm7xh7g7k8yn3hj4v,"1M Trader"
28-FEB-2022,terra1vayr8rqxasahm7wdkgxsevlhk72yee3m99umaz,"1M Trader"
28-FEB-2022,terra18w7z9prrjzncz3mkqh7e65q3mc6j386y0qyw9a,"1M Trader"
28-FEB-2022,terra1qe9f9v0sume3ldf9d2f5m7h6za2esyxay2clee,"1M Trader"
28-FEB-2022,terra1k9qr98aepp80eplhmpxt7y707ha5jwt2nndpfx,"1M Trader"
28-FEB-2022,terra175uue3ztzdemameswa7dpu60asrauzc8u08kmn,"1M Trader"
28-FEB-2022,terra17ujhkwzfn3r0354v8j4cw3yhxfs5ycch20l2um,"1M Trader"
28-FEB-2022,terra1j9ltr6aakaud6awf48gfud6mndef8u5mzmt4vd,"1M Trader"
28-FEB-2022,terra1v5z8dnvx3833vukzwfeyat23mygnxylvufm53j,"1M Trader"
28-FEB-2022,terra10vrepxjdjwgpc6v4mw5vwyrwhlmlqad8dcuqxp,"1M Trader"
28-FEB-2022,terra1ax5dk9t8j06m5czchhawgcr2mqr2ctne78nmj2,"1M Trader"
28-FEB-2022,terra1k72rqaxw0hep6l0kpsffym7v083lq7c6cg004w,"1M Trader"
28-FEB-2022,terra1advsvxgf7mqnjtruz8qlwn9mrpjkuxc8h95cek,"1M Trader"
28-FEB-2022,terra1ywcj0qmuvfv6v97esqd6qyptsw2cqzya8fx4kf,"1M Trader"
28-FEB-2022,terra132hzuh98s7utegmvdleznr0kvx9cspkqhzg8xs,"1M Trader"
28-FEB-2022,terra1usl4pvsyaw4a3le89y4ymxkw0lsh7te3y8rpfe,"1M Trader"
28-FEB-2022,terra19ssx4ku5nq0dgk0qux9hr3yldndsrhug68g2ps,"1M Trader"
28-FEB-2022,terra19htmulxdcwqk4qs0l47dz72e4yd85em8mdl2kq,"1M Trader"
28-FEB-2022,terra1p4ayskzlugzqcwgqtce96fqqcez2kfs436mypc,"1M Trader"
28-FEB-2022,terra19k3s3gv5pfm3kh4utry9ty0hsulc2n8sv5shu8,"1M Trader"
28-FEB-2022,terra1xvmdjsdp58sanlzvnx6g79nyf2zk7cr5l78mxs,"1M Trader"
28-FEB-2022,terra1v567pjytwehvg3tvne3e9t5zsm6qk07lzk7s9r,"1M Trader"
28-FEB-2022,terra1jq0rmjy65gpp7xk2cjzgv74e0rgt6y5dy22kwq,"1M Trader"
28-FEB-2022,terra1qycjh9n4992tyudg2x24qs5r9ff7lz4x2hhjhf,"1M Trader"
28-FEB-2022,terra1ftuywxyap0qrh33vzkkzuzjpl0kc07qjp9vz3v,"1M Trader"
28-FEB-2022,terra10zt8j3l2p9dy24kdn8ctlupz9c0l0gtwar7nuv,"1M Trader"
28-FEB-2022,terra138hz2use24g33ftjshq2lxs2qn8lerl4d407fk,"1M Trader"
28-FEB-2022,terra1sjy7p9k766s93rlh9rq4vjrt6ytxl7rn6gla0f,"1M Trader"
28-FEB-2022,terra1gemy6tvxng5krprqraswd53t5rjwdxdvdhcq2k,"1M Trader"
28-FEB-2022,terra153p8krdfgfy205pkfdp90xvk34gcm955wutzrd,"1M Trader"
28-FEB-2022,terra1ny9tdp42ve72gpd8yjr9wl62ngzhhsmnvcdce4,"1M Trader"
28-FEB-2022,terra1cwej6hp4vfscmgyyvwjgdmgwx08ypvrds7tzd2,"1M Trader"
28-FEB-2022,terra1c9w5snjunchrt73q9sq3gkgjdvfykjj9flapyj,"1M Trader"
28-FEB-2022,terra1n9eu0pdt76v3vn9zf2hhfz2md2vz3zgd6rk7gq,"1M Trader"
28-FEB-2022,terra1wvhsm94c7lzpvd9yelhldxep96lu9wqankqw72,"1M Trader"
28-FEB-2022,terra1n9pd2qszwht8dfcttgm42k0djmss9hjlw0qgzm,"1M Trader"
28-FEB-2022,terra10xqzkzqyn7jwj9xkht2ctsa5zektxgrth6qpqm,"1M Trader"
28-FEB-2022,terra1urfxvagrv9n7h2vvf6ezeecgn0d872kd6quqxs,"1M Trader"
28-FEB-2022,terra1dqvh6aynx6q0mxuatd3apderrx9uq4p9qf8rjt,"1M Trader"
28-FEB-2022,terra1u7av6lxxhdzdj7mytjuvtwrsatuvl0vxjamv9l,"1M Trader"
28-FEB-2022,terra158343p7g7qlw76ph5dzvtvk5tztegz3gu6jgzl,"1M Trader"
28-FEB-2022,terra1xj38y4kta5727ecmtydp6wrdd00q4py4035a54,"1M Trader"
28-FEB-2022,terra13n4vlt0vnyxuultmm545da8h3m6azajy5nkxjz,"1M Trader"
28-FEB-2022,terra179pt4lppx9va58ww2lyvyhsvdzafytct5kuks2,"1M Trader"
28-FEB-2022,terra1kr2tkze7rqlzx7t36l6k48w4wxrh45l9g3p73e,"1M Trader"
28-FEB-2022,terra1x640jjzwu50r3szycy8sen62wyf7x38zgxjdf2,"1M Trader"
28-FEB-2022,terra1qh36m5vkjf49qal7dkjs9vv86g8wdh8qd4vtnk,"1M Trader"
28-FEB-2022,terra1nydq3q0c54zuu50gmlzxv2kjlxzjrve8wgwjn7,"1M Trader"
28-FEB-2022,terra10pa0qv7mrqst053zhv9hxxt9mwhmr45ggguygs,"1M Trader"
28-FEB-2022,terra1nqexgf8vtsdh2jr8dcgh569l4gs8lsr468ttdq,"1M Trader"
28-FEB-2022,terra19sryczwlgqsl7p9fxp0wmamnltrtx2hhrsfyhj,"1M Trader"
28-FEB-2022,terra1lwa5wt54vka7jttgkn304wvmnq3lkkvt0ymg4f,"1M Trader"
28-FEB-2022,terra1v4h6vprm59ktvtj0xu7wvz53jg6ar6rdcsx9pf,"1M Trader"
28-FEB-2022,terra19xsrksu3zamnagkgqavtewuq604snmuec7c86e,"1M Trader"
28-FEB-2022,terra19vnr3zsz8d4s097q6cqealcnnkzm8cpyy2kgeu,"1M Trader"
28-FEB-2022,terra1eq73n0u8kgzks84ztuatpvm7et8693cjwezj2r,"1M Trader"
28-FEB-2022,terra1xenzppky44araua32rc5vawe5wnczy5490vsq3,"1M Trader"
28-FEB-2022,terra1hsh3ve4vrqnluccws9gwh5sg4jchuc352md2kw,"1M Trader"
28-FEB-2022,terra1g7fyg8y3zxpd2jm37jx8llkyef6sndxq5spqlz,"1M Trader"
28-FEB-2022,terra1xnvy9qutkne0paxeah3vm6tdc8x0kzukjaa5nc,"1M Trader"
28-FEB-2022,terra1e5ncelsh4qhqt3s97vn43hxlhmt7zd43yszdnf,"1M Trader"
28-FEB-2022,terra1tsnewaycs9lzefmy6xyeccvuvv55373kgxn2m7,"1M Trader"
28-FEB-2022,terra1kr22e3f8h40wr2pupfsp6d5xnzzzaklmur4s08,"1M Trader"
28-FEB-2022,terra1302awc6j42tr7q68wxr463h8y2cqa00xktp26j,"1M Trader"
28-FEB-2022,terra1e3ess68ypu9d7c34mgmnlnwm8x9zgeyayr2evq,"1M Trader"
28-FEB-2022,terra1g6c6pda88gdv5uhk4rmhnmlp9zx74czr9evn2z,"1M Trader"
28-FEB-2022,terra1fv49d6c0pjxrrca2hljgxwjycynkwe00wd8mwe,"1M Trader"
28-FEB-2022,terra1dsea8f7pv3g6kulc04lg4lz9q56ahdqtll8pax,"1M Trader"
28-FEB-2022,terra1myq3h0dthhfltg8sauns67ww9vhrzt0kjrgt63,"1M Trader"
28-FEB-2022,terra1y7q68hpw3ndkpalvec7ckcjeq7clj3m20jpg9w,"1M Trader"
28-FEB-2022,terra136als2k4hv4hcc885q864vag8wv5p9hmc7g5qx,"1M Trader"
28-FEB-2022,terra17aq8zcd9644nshjfx8azh42mfpfn2kp0tqwzl4,"1M Trader"
28-FEB-2022,terra1kr2rczm2q354jxuagz8sly59pzd943ut8c42nf,"1M Trader"
28-FEB-2022,terra1py4p7fa9ljr2x68t5rfjy7hvv5cg2rxpq3mu8n,"1M Trader"
28-FEB-2022,terra13vedkln0u0ndvzsq76wksswa5j548kfcjdfxrw,"1M Trader"
28-FEB-2022,terra1elyspw8lqk0jcvpe3mxx05l4224qpfqqap4q9r,"1M Trader"
28-FEB-2022,terra1gxzzy9a8ksymx5nqlymewfn5w3slz5ahgh955h,"1M Trader"
28-FEB-2022,terra1eqmlddg4jvk28xktj2fff3ncjwfxjc853frezc,"1M Trader"
28-FEB-2022,terra1g86dpadgn40wkzd9y9tpaesd4jzku9045zhw9d,"1M Trader"
28-FEB-2022,terra1xcmsyy80m38ut5534e8spd945a36uejqpavz89,"1M Trader"
28-FEB-2022,terra1exu3f6t72x7w06ppu5vu5m5m9s4glywenfnplr,"1M Trader"
28-FEB-2022,terra1c8fcrqnuj9yjv48x6pg2uc56zxg58teej7v77l,"1M Trader"
28-FEB-2022,terra128w820rnh7q7nq4sr8k4c0qgfc5dtfn73whu7v,"1M Trader"
